taxon	trnL-trnF-intergenic-spacer	trnL	CHS	rps16	matK	trnK	trnT-trnL-intergenic-spacer	RAY1-like-protein	CesA	putative-RAY2-like-protein	atpF-atpH-intergenic-spacer	CYCLOIDEA-like-protein	ycf5	QG8140	unknown	rbcL	ndhF	ndhF.1	matK.1	rpl20-rps12-intergenic-spacer	rpoC1	matK.2	QG8140.1	psbJ	unknown.1	contains-psbD-trnT-intergenic-spacer	unknown.2	contains-petL-psbE-intergenic-spacer	rps16.1	contains-trnL-rpl32-intergenic-spacer	matK.3	contains-rps16-trnQ-intergenic-spacer-and-tRNA-Gln-(trnQ)	ndhF.2	hss1	ATP-sulfurylase-like-protein	calcium-dependent-protein-kinase-like-protein	COR414-like-protein	cysteine-rich-repeat-containing-protein	gag/pol-like-protein	psbA	includes-internal-transcribed-spacer-1,-5.8S-ribosomal-RNA-and-internal-transcribed-spacer-2-regions	5S-ribosomal-RNA-intergenic-spacer	unknown.3	unknown.4	unknown.5	unknown.6	unknown.7	stigma-specific-peroxidase	unknown.8	ndhF.3	atpB-rbcL-intergenic-region	
Roldana lineolata																									EF538292																											
Roldana albonervia																									EF538291																											
Dorobaea laciniata																									EF538187																											
Petasites frigidus		GQ245241																																																		
Steirodiscus tagetes																									EF538400																											
Culcitium serratifolium																									EF538180																											
Culcitium neaei																									EF538177																											
Culcitium canescens																									EF538176																											
Culcitium nivale																									GU289957																											
Ligularia kongkalingensis																									DQ272343																											
Ligularia japonica																									AY458825																											
Ligularia cyathiceps																									DQ272328																											
Ligularia thyrsoidea																									DQ272320																											
Ligularia mortonii																JQ933389																																				
Ligularia paradoxa		DQ104430																																																		
Ligularia platyglossa																									AY458841																											
Ligularia taquetii																									GU323282																											
Ligularia curvisquama																									DQ272324																											
Ligularia stenoglossa																									AB523365																											
Ligularia atroviolacea																									DQ272322																											
Ligularia latihastata																									DQ272334																											
Ligularia longihastata																									DQ272339																											
Ligularia caloxantha																									AY458838																											
Sinosenecio palmatilobus																																								JN047184												
Sinosenecio wuyiensis																									JQ797431																											
Sinosenecio leiboensis		EU195510																																																		
Sinosenecio saxatilis																									JQ797430																											
Sinosenecio trinervius		EU195518																																																		
Crassocephalum montuosum																									EF538174																											
Homogyne sylvestris																									EF538234																											
Homogyne discolor																									EF538232																											
Acrisione denticulata																									EF538145																											
Parasenecio delphiniifolius																									EF538281																											
Dendrophorbium multinerve																									EF538184																											
Dendrophorbium bradei																									FERN_0ILAFC																											
Telanthophora copeyensis																									EF538404																											
Jacobaea ambracea																									FJ556947																											
Emilia prenanthoidea																									EF538196																											
Emilia exserta																									EF538195																											
Monticalia corymbosa																									EF538258																											
Monticalia greenmaniana																									EF538260																											
Monticalia vaccinioides																									EF538263																											
Monticalia myrsinites																									EF538261																											
Monticalia flocculidens																									EF538259																											
Monticalia peruviana																									EF538262																											
Lasiocephalus heterophyllus																									GU290011																											
Lasiocephalus otophorus																									GU289946																											
Lasiocephalus cuencanus																									GU289945																											
Lasiocephalus lingulatus																									GU289977																											
Lasiocephalus longipenicillatus																									GU290028																											
Lasiocephalus pichinchensis																									GU290006																											
Lasiocephalus sodiroi																									GU289980																											
Lomanthus bangii																									GU818635																											
Pojarkovia stenocephala																									EF538286																											
Elekmania buchii																									EF538191																											
Elekmania barahonensis																									EF538190																											
Elekmania fuertesii																									EF538192																											
Capelio tabularis																AM234857																																				
Dendrosenecio battiscombei																									EF538185																											
Packera anonyma																HQ644061																																				
Packera heterophylla		GQ245180																																																		
Packera tampicana																									EF538277																											
Papuacalia sandsii																									EF538278																											
Gynoxys tolimensis																									EF538220																											
Gynoxys sodiroi																									EF538219																											
Gynoxys buxifolia																									EF538218																											
Bethencourtia rupicola																									EF538161																											
Bethencourtia hermosae																									EF538159																											
Brachyglottis revoluta																									EF660536																											
Brachyglottis stewartiae																									EF635459																											
Tephroseris fuscata																									AF345303																											
Tephroseris subdentata		EU195524																																																		
Tephroseris frigida		GQ245597																																																		
Tephroseris kjellmanii		GQ245600																																																		
Tephroseris lindstroemii		DQ860633																																																		
Tephroseris phaeantha		EU195521																																																		
Tephroseris crispa																									EF538407																											
Tephroseris integrifolia		GQ245599																																																		
Tephroseris stolonifera		EU195523																																																		
Xenophyllum dactylophyllum																									EF538414																											
Dolichorrhiza persica																									EF538186																											
Jessea cooperi																									EF538245																											
Pseudogynoxys chenopodioides																									EF538287																											
Graphistylis toledoi																									FERN_ZO2Y01																											
Euryops evansii																									EF538205																											
Euryops proteoides																									EU979538																											
Euryops exsudans																									EU979540																											
Euryops ericifolius																									EU667519																											
Arnoglossum plantagineum																									EF538155																											
Synotis cappa																									EF538402																											
Synotis alata																																																		AY723217		
Iranecio bulghardaghensis																									EF538239																											
Iranecio jurineifolius																									EF538240																											
Iranecio taraxacifolius																									EF538242																											
Iranecio paucilobus																									EF538241																											
Cineraria grandiflora																									EF538170																											
Endocellion glaciale		GQ244908																																																		
Pentacalia antioquensis																									EF538282																											
Nordenstamia repanda																									EF538268																											
Aequatorium lepidotum																									EF538148																											
Chersodoma antennaria																									EF538165																											
Chersodoma ovopedata																									EF538168																											
Chersodoma diclina																									EF538166																											
Hertia maroccana																									EF538228																											
Hertia angustifolia																									EF538225																											
Antillanthus acunae																									EF538152																											
Werneria nubigena																									EF538413																											
Hubertia ambavilla																									EF538235																											
Hubertia myricifolia																									EF538236																											
Senecio descoingsii																									DQ915869																											
Senecio dregeanus																									EF538331																											
Senecio carnosulus																									EU331121																											
Senecio deferens																									EF538325																											
Senecio toxotis																									DQ915894																											
Senecio foetidus																																								DQ131875												
Senecio stapeliiformis																									DQ915873																											
Senecio picticaulis																									DQ915876																											
Senecio australis																									EF538302																											
Senecio depressicola		JX134203																																																		
Senecio costaricensis																									AF161639																											
Senecio anteuphorbium																									DQ915867																											
Senecio landbeckii																									EF538353																											
Senecio wairauensis																									EU812817																											
Senecio corymbiferus																									DQ915893																											
Senecio eenii																									AF457425																											
Senecio hansweberi																									EF538344																											
Senecio californicus																									AF097536																											
Senecio malacitanus																									AJ400813																											
Senecio rodriguezii																									AJ400799																											
Senecio sinuatilobus																									EF538380																											
Senecio sempervivus																									DQ915871																											
Senecio farinifer																									EF538333																											
Senecio perralderianus																									EF538365																											
Senecio crassissimus																									EF538318																											
Senecio copeyensis																JQ590711																																				
Senecio laetevirens																									EF538352																											
Senecio asperulus																									EF538300																											
Senecio arenarius																									AF457421																											
Senecio adenotrichius																									EF538295																											
Senecio nigrocinctus																																																		AY723212		
Senecio glutinosus																									AF457427																											
Senecio abbreviatus																									DQ915895																											
Senecio junceus																									EF538351																											
Senecio tricuspidatus																									EF538390																											
Senecio longiflorus																									DQ915870																											
Senecio windhoekensis																									AF457426																											
Senecio candollei																									EF538311																											
Senecio donianus																									EF538329																											
Senecio ballyi																									DQ915879																											
Senecio acaulis																									DQ915896																											
Senecio cakilefolius																									AF457423																											
Senecio pyramidatus																									DQ915863																											
Senecio tropaeolifolius																									DQ915880																											
Senecio panduriformis																									EF538364																											
Senecio trapezuntinus																									JX895514																											
Senecio pubiger																									EF538368																											
Senecio consanguineus																									AF457419																											
Senecio gnidioides																									EF538341																											
Senecio giessii																									AF457418																											
Senecio bahioides																									EF538304																											
Senecio muirii																									DQ915883																											
Senecio hastatus																									EF538345																											
Senecio filaginoides																									EF538334																											
Senecio graciliflorus																JQ933248																																				
Senecio bulbinifolius																									EF538308																											
Senecio smithii																									EF538382																											
Senecio sarracenicus																									EF538375																											
Senecio gallicus																									AJ400784																											
Senecio comosus																									EF538316																											
Senecio purpureus																									EF538370																											
Senecio volckmannii																									EF538395																											
Senecio apiifolius																									AF457412																											
Senecio polyanthemoides																																									AF085187											
Senecio sisymbriifolius																									EF538381																											
Senecio englerianus																									AF457417																											
Senecio espinosae																									EF538332																											
Senecio kleinia																									DQ915868																											
Senecio deflersii																									DQ915874																											
Senecio linifolius																									EF538356																											
Senecio colensoi																									EF538315																											
Senecio spartioides																									EF538383																											
Senecio triangularis																									EF538389																											
Senecio gunnii																									EF538343																											
Senecio scaberulus																									EU331120																											
Senecio wootonii																									EF538398																											
Senecio jacobsenii																									DQ915872																											
Senecio callosus																									EF538310																											
Senecio humillimus																									EF538347																											
Senecio haworthii																									DQ915862																											
Senecio macroglossus																									DQ915881																											
Senecio decurrens																									EF538324																											
Senecio banksii																									EF538305																											
Senecio fulgens																									DQ915877																											
Senecio densiserratus																																																		AY723210		
Senecio lemmonii																									AF457432																											
Senecio crithmoides																									EF538321																											
Senecio aphanactis																									AF457430																											
Senecio amaniensis																									DQ915878																											
Senecio ertterae																									AF457433																											
Senecio coriaceus																									EF538317																											
Senecio sterquilinus																									EU331122																											
Senecio pseudomairei																																																		AY723215		
Senecio cisplatinus																									EF538314																											
Senecio rufescens																									EF538374																											
Senecio pudicus																									EF538369																											
Senecio stoechadiformis																									EF538385																											
Senecio bombycopholis																									DQ915860																											
Senecio krascheninnikovii																									AF457437																											
Senecio glaber																									EF543649																											
Senecio melastomifolius																									DQ915897																											
Senecio poeppigii																									EF543650																											
Senecio hesperidium																									AJ400789																											
Senecio brassii																									EF538307																											
Senecio diaschides																									EF538328																											
Senecio flaccidus																																								DQ131873												
Senecio superandinus															GU818299																																					
Senecio viridis																									EF538394																											
Senecio pteridophyllus																																																		AY723216		
Senecio pflanzii															GU818285																																					
Senecio actinotus																									JF708199																											
Senecio pendulus																									DQ915875																											
Senecio macranthus																									EF538358																											
Senecio integerrimus																																								DQ131871												
Senecio glaucescens																									AF155993																											
Senecio trifidus																									EF538391																											
Senecio aspericaulis																									EF538299																											
Senecio cunninghamii																									EF538323																											
Othonna herrei																									EF538275																											
Othonna auriculifolia																									EF538274																											
Othonna amplexifolia																									EF538273																											
Othonna coronopifolia																AM234898																																				
Othonna alba																									EF538272																											
Curio radicans																									DQ915887																											
Curio citriformis																									DQ915891																											
Curio herreanus																									DQ915886																											
Curio crassulifolius																									DQ915892																											
Curio ficoides																									DQ915889																											
Curio sulcicalyx																									DQ915884																											
Syneilesis aconitifolia		AF468162																							AY176163																											
Kleinia galpinii		AY952924																							AY953934																											
Nemosenecio incisifolius																									EU195463																		EU195481									
Nemosenecio yunnanensis																									EU195464																		EU195482									
Ligularia narynensis																									AY456130																	AY494078										
Ligularia intermedia																									GU323281															JF708226												
Ligularia lapathifolia																									AY458830																	AY494077										
Ligularia kanaitzensis																									AY458837																	AY494068										
Ligularia anoleuca																									AB557884																										AB557885	
Ligularia franchetiana																									AB375311																										AB375447	
Ligularia oligonema																									AB523364																										AB523847	
Ligularia botryodes		AF468191																							AY176140																											
Ligularia veitchiana																									AB557886																										AB557887	
Ligularia dolichobotrys		AF468174																							AY176141																											
Crassocephalum rubens		FJ793129																							FJ793130																											
Cissampelopsis volubilis			EF128543						EF128495																																											
Haastia recurva						AY554076																			AY554106																											
Haastia sinclairii						AY554077																			AY554107																											
Parasenecio roborowskii		AF468165																							AY176151																											
Parasenecio latipes		AF468185																							AY176150																											
Dendrophorbium brachycodon		FERN_Q7CBZA																							FERN_Q7CBZA																											
Dendrophorbium restingae		FERN_5LDN05																							FERN_6EF78N																											
Dendrophorbium pluricephalum		FERN_8LTFPV													FERN_UFPM4Q																																					
Dendrophorbium catharinense		FERN_0ILAFC																							FERN_DB6PJB																											
Bolandia argillacea		AY952914																							AY953924																											
Emilia discifolia		AY952920																							AY953930																											
Ischnea korythoglossa						AY929880																			AY929903																											
Tetradymia canescens		GQ984184																							EF538410																											
Dendrosenecio kilimanjari																									AF155963																		AF155996									
Dendrosenecio cheranganiensis																									AF155962																		AF155995									
Packera multilobata																											L33237																	L33207								
Packera sanguisorboides																											L33239																	L33209								
Packera layneae																											AF161672																	AF161622								
Packera hartiana																											AF161671																	AF161621								
Packera quaerens																											AF161681																	AF161631								
Packera tomentosa																											L33241																	L33211								
Packera breweri																											AF161663																	AF161613								
Packera pseudaurea																											L33235																	AF161630								
Packera contermina																											L33217																	L33187								
Packera bernardina																											L33212																	L33182								
Packera millelobata																											L33228																	L33198								
Packera actinella																									L33183																		L33213									
Packera bolanderi																											AF161662																	AF161612								
Packera zimapanica																									AF161636																		AF161686									
Packera cymbalaria																											L33219																	L33191								
Packera neomexicana																											AF161676																	L33201								
Packera indecora																											L33225																	L33195								
Packera quercetorum																											AF161682																	AF161632								
Packera subnuda																											L33223																	L33193								
Packera macounii																											L33227																	L33197								
Packera millefolia																											AF161673																	AF161623								
Packera ganderi																											AF161668																	AF161618								
Packera montereyana																											AF161674																	AF161624								
Packera obovata																											AF161677																	AF155968								
Packera loratifolia																									AF161643																		AF161693									
Packera moresbiensis																											L33229																	L33199								
Packera flettii																											AF161667																	AF161617								
Packera streptanthifolia																											AF161685																	L33206								
Cremanthodium brunneopilosum		AF468186																							AY176131																											
Traversia baccharoides						AY554090																			AF422139																											
Brachyglottis greyi						AY554062																			EF660537																											
Brachyglottis southlandica						AY554069																			AF422112																											
Brachyglottis huntii						AY554064																			AY554100																											
Brachyglottis compacta						AY554060																			AY554097																											
Brachyglottis adamsii						AY554055																			AY554092																											
Brachyglottis brunonis						AY554058																			AY554095																											
Brachyglottis arborescens						AY554056																			EF635450																											
Brachyglottis cassinioides						AY554059																			AY554096																											
Brachyglottis sciadophila						AY554068																			AY554104																											
Brachyglottis elaeagnifolia						AY554061																			AF422111																											
Brachyglottis perdicioides						AY554066																			AY554102																											
Brachyglottis bellidioides						AY554057																			AY554094																											
Brachyglottis haastii						AY554063																			AY554099																											
Brachyglottis kirkii						AY554065																			AY554101																											
Dendrocacalia crepidifolia																									GU818543															GU818363												
Tephroseris pierotii		EU195522																							EU195480																											
Tephroseris yukonensis		GQ245604																							AF345313																											
Tephroseris flammea		EU195520																							EU195497																											
Tephroseris changii		AF468171																							AY176164																											
Dolichoglottis scorzoneroides						AY554073																			AF422121																											
Euryops brownei		AY952926																							AY953936																											
Cineraria albicans		AY952894																							AY275655																											
Cineraria parvifolia		AY952909																							AY953919																											
Cineraria deltoidea		AY952896																							AY953905																											
Cineraria lyratiformis		AY952908																							AY953918																											
Cineraria mollis		AY952913																							AY953923																											
Cineraria erodioides		AY952904																							AY953914																											
Cineraria pinnata		AY952897																							AY953908																											
Cineraria geraniifolia		AY952911																							AY953921																											
Cineraria alchemilloides		AY952902																							AY953913																											
Cineraria austrotransvaalensis		AY952910																							AY953920																											
Cineraria pulchra		AY952899																							AY953910																											
Cineraria longipes		AY952907																							AY953917																											
Cineraria aspera		AY952903																							AY275656																											
Cineraria cyanomontana		AY952898																							AY953909																											
Cineraria saxifraga		AY952906																							AY953916																											
Cineraria geifolia		EU621368																							EU621367																											
Cineraria mazoensis		AY952900																							AY953911																											
Psacalium peltatum																									AF161604															DQ131863												
Adenostyles leucophylla		AY176085																							AY176130																											
Abrotanella purpurea						AY929870																			AY929893																											
Abrotanella rosulata						AY929873																			AY929896																											
Abrotanella inconspicua						AY929863																			AY929886																											
Abrotanella caespitosa						AY929859																			AY929882																											
Abrotanella nivigena						AY929867																			AY929889																											
Abrotanella forsteroides						AY929862																			AY929885																											
Abrotanella pusilla						AY929871																			AY929894																											
Abrotanella submarginata						AY929876																			AY929899																											
Abrotanella linearis						AY929865																			AY929888																											
Abrotanella trichoachaenia						AY929877																			AY929900																											
Abrotanella spathulata						AY929875																			AY929898																											
Abrotanella rostrata						AY929872																			AY929895																											
Abrotanella trilobata						AY929878																			AY929901																											
Abrotanella scapigera						AY929874																			AY929897																											
Abrotanella fertilis						AY929861																			AY929884																											
Abrotanella patearoa						AY929868																			AY929891																											
Mattfeldia triplinervis																									EF538253															GU818409												
Pericallis hansenii																									AF155979																		AF156012									
Pericallis aurita																									AF155975																		AF156008									
Pericallis papyracea																									AF155985																		AF156018									
Pericallis webbii																									AF155990																		AF156023									
Pericallis hadrosoma																									AF155978																		AF156011									
Pericallis steetzii																									AF155986																		AF156019									
Senecio hederiformis		AY952918																							AY953928																											
Senecio laetus																									DQ272331																									AY723213		
Senecio glaucophyllus						AY554082																			AY554110																											
Senecio montevidensis															FERN_8QGAU9										FERN_07O5WP																											
Senecio cambrensis																JN891718															JN894727																					
Senecio acanthifolius															GU818248									HM050358																												
Senecio quadridentatus						AY554087																			AF422134																											
Senecio claussenii															FERN_U254ME										FERN_6YJOSQ																											
Senecio pseudoarnica		GQ245523																							AF161645																											
Senecio monroi		AY176086																							AY176155																											
Senecio neowebsteri																									AF161644															DQ131876												
Senecio glomeratus						AY554083																			EU331117																											
Senecio rufiglandulosus						AY554088																			AF422135																											
Senecio nemoralis		FERN_H1XTG6													FERN_APPMRG																																					
Senecio taygeteus																									AY504478																								AY495966			
Senecio serra																									AF161641															DQ131874												
Senecio achilleifolius		AY952919																							AY953929																											
Senecio minimus						AY554086																			EU331119																											
Senecio sphaerocephalus																									AF161646															DQ131872												
Senecio dunedinensis						AY554081																			AY554109																											
Senecio pterophorus		AF098853																																							AF085188											
Senecio cordifolius		AY952916																							AY953926																											
Othonna parviflora																									AF156000																					AF155967						
Othonna euphorbioides		EU670115																							EU667494																											
Roldana petasitis																HM850309						HM850664			EF538293																											
Petasites hybridus																JN893619						JN895682												AJ704847																		
Petasites tricholobus		AF468167														JQ933441									AY176153																											
Petasites palmatus																									AF161602															DQ131860			AF161652									
Ligularia yunnanensis		AY723183																							AY723258																									AY723221		
Ligularia tsangchanensis		AY723189																							AB284129																									AY723227		
Ligularia liatroides		AY723193																							AY723268																									AY723231		
Ligularia brassicoides		AY723191																							AY723266																									AY723229		
Ligularia rumicifolia		AY723185																							AY723260																									AY723223		
Ligularia duciformis		DQ104429																							AY458826																										AB376962	
Ligularia purdomii		AY723182																							AY723257																									AY723220		
Ligularia lamarum		AY723187																							AB426703																									AY723225		
Sinosenecio newcombei																									AF161607															DQ131865			AF161657									
Sinosenecio fanjingshanicus		EU195504																							EU195468																		EU195486									
Sinosenecio subrosulatus																JF944291						JF956323																		JN047194												
Haastia pulvinaris						AY554075										JQ933352									AF422122																											
Parasenecio cyclotus		AY723205																							AY723277																									AY723251		
Parasenecio hastiformis		AY723206																							AY723278																									AY723252		
Parasenecio deltophyllus		AY723202																							AY176149																									AY723248		
Parasenecio maowenensis		AY723203																							AY723275																									AY723249		
Parasenecio taliensis		AY723204																							AY723276																									AY723250		
Dendrophorbium subnemoralis		FERN_6EF78N																							FERN_6SL6UJ															FERN_UFPM4Q												
Dendrophorbium limosum		FERN_YZLOUQ													FERN_0ILAFC										FERN_UFPM4Q																											
Jacobaea argunensis		AF468169																							AY176154																									AY723208		
Jacobaea sandrasica		JX895042			JX894897																				JX895503																											
Emilia fosbergii																JQ590634									GQ478091						JQ586856																					
Packera glabella																											AF161670													DQ131868				L32921								
Packera hyperborealis		GQ245181																									L33224																	L33194								
Packera ogotorukensis		GQ245182																									L33232																	L33202								
Packera sanguisorbae																											AF161683													DQ131869				AF161633								
Packera pauciflora		GQ245184																									AF161679																	AF161629								
Cremanthodium microglossum		AF468183																							AY176135																									AY723238		
Cremanthodium lineare		AF468188																							AY723273																									AY723237		
Cremanthodium decaisnei		AY723194																							AY723269																									AY723232		
Cremanthodium ellisii		EU326052																							AY723272																									AY723236		
Cremanthodium discoideum		AY723196																							AY723271																									AY723235		
Cremanthodium stenoglossum		AF468182																							AY176136																									AY723233		
Ignurbia constanzae		GU818016													GU818186										GU817574																											
Tephroseris kirilowii		AF468164																							AY176165																									EU195531		
Tephroseris rufa		AY723200																							AY176166																									AY723244		
Tephroseris atropurpurea		GQ245596																							AF345306															DQ131864												
Graphistylis riopretensis		FERN_817JOW																							FERN_U254ME															FERN_6SL6UJ												
Euryops munitus		EU670090		EU667533																					EU667466																											
Euryops ursinoides		EU670144		EU667588																					EU667526																											
Euryops euryopoides		EU670149		EU667593																					EU667476																											
Euryops montanus				EU667532			EU670150																		EU667462																											
Euryops hypnoides		EU670145		EU667589																					EU667527																											
Euryops arabicus		EU670089					EU670152																		EU667463																											
Synotis lucorum		AY723180																							AY723255																									AY723218		
Ligulariopsis shichuana		AF468161																							AY176148																									AY723241		
Arrhenechthites novoguineensis					AF459993	AF460052																			AF459972																											
Abrotanella muscosa		HQ439865				AY554052																			AF422109																											
Abrotanella linearifolia						AY929864										JQ933200									AY929887																											
Pericallis tussilaginis																									AJ563924																		AF156021				AF155989					
Senecio oleosus		FERN_NFY5X0													FERN_7AGJFQ																									FERN_1P9FL1												
Senecio lugens		GQ245522																							L33196															DQ131870												
Senecio anethifolius		AF460162			AF460016	AF460077																																														
Senecio eremophilus					AF460010	AF460071																			AF459945																											
Senecio harleyi		FERN_7S4W4W													FERN_ILXIZN										FERN_APPMRG																											
Senecio spnov2		FERN_QDZVFN																							FERN_NIM5SR															FERN_APPMRG												
Senecio thianschanicus		AF468168																							AY176156																									AY723207		
Senecio ceratophylloides		FERN_ILXIZN													FERN_817JOW																									FERN_U254ME												
Senecio pulcher		FERN_GF48AD													FERN_H1XTG6																									FERN_7S4W4W												
Senecio pseudostigophlebius		FERN_07O5WP													FERN_L3XI84										FERN_TMIBPA																											
Solanecio mannii		AF460140			AF459994	AF460053																			AF459923																											
Ligularia sibirica	AJ400102	AF468160																							AY176146																		AJ400092									
Ligularia dictyoneura																JF942254						JF954344			AB299047															JN045189												
Ligularia hookeri																JF942257						JF954345			DQ272327															JN045192												
Ligularia przewalskii		AY723188																							AY723263																	AY494070								AY723226		
Ligularia sagitta		AY723190																							AY723265																	AY494069								AY723228		
Sinosenecio latouchei																JF944270						JF956302			JF978611															JN047173												
Sinosenecio jiuhuashanicus																JF944264						JF956295			JQ797426															JN047165												
Sinosenecio bodinieri		AY723201																							AY176158															JN047130										AY723245		
Sinosenecio palmatisectus																JF944279						JF956311			JF978621															JN047181												
Sinosenecio dryas																JF944234						JF956268			JF978584															JN047141												
Sinosenecio yilingii																JF944299						JF956332			JF978638															JN047202												
Sinosenecio sungpanensis																JF944293						JF956326			JF978633															JN047197												
Sinosenecio villifer																JF944296						JF956328			JF978634															JN047200												
Sinosenecio hederifolius		EU195508																							EU195465																		EU195483							EU195527		
Sinosenecio sichuanicus																JF944283						JF956316			JF978625															JN047189												
Sinosenecio ligularioides																JF944273						JF956304			JF978614															JN047176												
Sinosenecio cyclaminifolius																JF944227						JF956261			JF978575															JN047133												
Bedfordia salicina		AF452499				AY554054																AF456779			AF422110																											
Dendrophorbium paranense		FERN_7L9IK5													FERN_DB6PJB										FERN_8LTFPV															FERN_DB6PJB												
Dendrophorbium fruticosum		FERN_DB6PJB													FERN_Q7CBZA										FERN_YZLOUQ															FERN_Q7CBZA												
Dendrophorbium pellucidinerve		FERN_JH68Q0													FERN_YZLOUQ										FERN_5LDN05															FERN_YZLOUQ												
Jacobaea ambigua		AF460122			AF459974	AF460032																			AF459927																											
Jacobaea kirghisica		JX895099			JX894954	JX895026																			JX895495																											
Jacobaea delphiniifolia		AY155616			AY156982	AF548771																			AY327538																											
Tephroseris palustris		GQ245603														JN966036						JN966710			JN999670																											
Pseudogynoxys benthamii		AF460130			AF459983	AF460041																			AF459958																											
Graphistylis cuneifolia		FERN_D04JAW													FERN_JH68Q0										FERN_28XJ21															FERN_JH68Q0												
Graphistylis organensis		FERN_TZXQO2													FERN_6EF78N										FERN_817JOW															FERN_6EF78N												
Graphistylis itatiaiae		FERN_9IKJ80													FERN_5LDN05										EF538213															FERN_5LDN05												
Graphistylis argyrotricha		FERN_6SL6UJ													FERN_7L9IK5										FERN_D04JAW															FERN_7L9IK5												
Euryops empetrifolius		EU670139		EU667582			EU670201																		EU667520																											
Euryops linifolius		EU670127		EU667570			EU670190																		EU667507																											
Euryops decumbens		EU670098		EU667540			EU670160																		EF538204																											
Euryops pinifolius		EU670148		EU667592			EU670207																		EU667530																											
Euryops dregeanus		EU670119		EU667561			EU670181																		EU667498																											
Euryops lateriflorus		EU670124		EU667567			EU670166																		EU667493																											
Euryops hebecarpus		EU670128		EU667571			EU670191																		EU667508																											
Euryops tysonii		EU670097		EU667539			EU670159																		EF538209																											
Euryops annuus		EU670109		EU667551			EU670171																		EU667487																											
Euryops abrotanifolius		EU670138		EU667581			EU670193																		EU667506																											
Euryops brachypodus		EU670143		EU667586			EU670205																		EU667485																											
Euryops acraeus		EU670096		EU667538			EU670158																		EF538202																											
Euryops galpinii		EU670117		EU667559			EU670179																		EU667496																											
Euryops trilobus		EU670093		EU667536			EU670155																		EU667469																											
Euryops petraeus		EU670092		EU667535			EU670154																		EU667468																											
Euryops brevilobus		EU670110		EU667552			EU670172																		EU667488																											
Euryops dacrydioides		EU670147		EU667590			EU670206																		EU667529																											
Euryops anthemoides		EU670122		EU667564			EU670184																		EU667501																											
Euryops prostratus		EU670100		EU667542			EU670162																		EF538206																											
Euryops annae		EU670094		EU667537			EU670156																		EU667470																											
Euryops algoensis		EU670105		EU667547			EU670167																		EU667483																											
Euryops candollei		EU670091		EU667534			EU670153																		EU667467																											
Euryops spathaceus		EU670121		EU667563			EU670185																		EF538207																											
Euryops multifidus		EU670112		EU667554			EU670174																		EU667490																											
Euryops ericoides		EU670129		EU667572			EU670192																		EU667509																											
Euryops othonnoides		EU670123		EU667550			EU670186																		EU667486																											
Pentacalia desiderabilis		FERN_U254ME													FERN_6SL6UJ										FERN_5CJJMW															FERN_D04JAW												
Hertia cheirifolia			EF128550						EF128522					EF128694											EF538226																											
Psacalium paucicapitatum		EU385106														EU385013															EU385391																			EU385200		
Pericallis multiflora		AY952921																							AY953931																		AF156015				AF155982					
Pericallis malvifolia																HM850241									AF155981						HM850668												AF156014									
Pericallis echinata		AF460133				AF460044																			AF155977																		AF156010									
Senecio glaucus		DQ208174			DQ208166		DQ208182																		AJ400785																											
Senecio albus		FERN_5CJJMW													FERN_28XJ21										FERN_EE0EFL															FERN_9IKJ80												
Senecio rupestris		JN790008													JN789728										AJ400801															JN789955												
Senecio juerguensii		FERN_F1FFJB													FERN_1P9FL1										FERN_H1XTG6															FERN_6YJOSQ												
Senecio hispidulus		JX895040			JX894895	JX894968																			EU331118																											
Senecio selloi		FERN_TMIBPA													FERN_NFY5X0										EF538379															FERN_8QGAU9												
Senecio graciellae		FERN_1P9FL1													FERN_EE0EFL										FERN_8QGAU9															FERN_3NICY1												
Senecio caparoensis		FERN_EE0EFL													FERN_TZXQO2										FERN_ILXIZN															FERN_817JOW												
Senecio oxyriifolius		AF460124			AF459976	AF460034																			AF459936																											
Senecio adamanus		FERN_ZO2Y01													FERN_D04JAW										FERN_3NICY1															FERN_28XJ21												
Senecio bonariensis		FERN_3NICY1													FERN_9IKJ80										EF538306															FERN_TZXQO2												
Senecio polypodioides		EU385111														EU385017															EU385396																			EU385205		
Senecio dumetorum		FERN_6YJOSQ													FERN_5CJJMW										FERN_1P9FL1															FERN_ZO2Y01												
Senecio hatschbachii		FERN_JU2XGP													FERN_3NICY1										FERN_7S4W4W															FERN_5CJJMW												
Senecio leptolobus		FERN_L3XI84													FERN_7S4W4W										FERN_NFY5X0															FERN_JU2XGP												
Senecio icoglossus		FERN_7AGJFQ													FERN_JU2XGP										FERN_L3XI84															FERN_7X1MJI												
Senecio hortensiae		FERN_APPMRG													FERN_6YJOSQ										FERN_F1FFJB															FERN_ILXIZN												
Othonna sedifolia		EU670113		EU667556			EU670176																		EU667492																											
Othonna eriocarpa		EU670106		EU667548			EU670168																		EU667484																											
Othonna carnosa		EU670120		EU667562			EU670182																		EU667499																											
Gynura bicolor																GQ436450					GQ436010				GQ434491						GQ434114									GQ435088												
Ligularia lankongensis																JF942262						JF954351			AB684267															JN045198		AY494072										
Ligularia lingiana		JF767262																							JF767246				JF767227	JF767236		JF767272																				
Ligularia virgaurea																JF942283						JF954372			DQ272332															JN045219		AY494071										
Sinosenecio eriopodus		EU195502														JF944236						JF956270			EU195467																		EU195485									
Sinosenecio denticulatus		EU195501														JF944231						JF956265			JF978581															JN047139												
Sinosenecio chienii		EU195500														JF944224						JF956258			JF978574															JN047132												
Miricacalia makineana		GU818034				GU817658									GU818206		GU817812								GU818596																											
Jacmaia incana		GU818022			GU817480	GU817646																											GU817798							GU818398												
Jacobaea inops		JX895103			JX894894	JX895029	JX895112																		JX895504																											
Jacobaea auricula		JX895111			JX894966	JX895038	JX895178																		JX895193																											
Jacobaea cilicia		JX895098			JX894953	JX895025	JX895168																		JX895432																											
Euryops speciosissimus		EU670142		EU667585			EU670204									AM234870									EU667517																											
Pericallis lanata		AF460132			AF459985	AF460043																			AF155980																		AF156013									
Senecio cremeiflorus		HM050375			HM050306										HM050323										EF538320															HM050335												
Senecio olympicus		JX895043			JX894898	JX894970	JX895115																		JX895511																											
Senecio glaberrimus		EF538123				EF042173																			EF538338								EF537995							EF538081												
Senecio racemosus		JX895100			JX894956	JX895027	JX895169																		JX895200																											
Senecio doria		JX895059			JX894916	JX894988	JX895132																		JX895271																											
Senecio castagneanus		JX895062			JX894917	JX894989	JX895133																		JX895508																											
Senecio eriopus		JX895075			JX894931	JX895003	JX895146																		JX895279																											
Senecio lagascanus		JX895094			JX894949	JX895021	JX895124																		JX895352																											
Senecio doronicum		JX895082			JX894937	JX895009	JX895138																		JX895336																											
Senecio lautus		AF460152			AF460006	AF460067																			AF459940																AF097540											
Senecio pyrenaicus		JX895051			JX894906	JX894978	JX895121																		AF459948																											
Senecio lopezii		JX895093			JX894948	JX895020	JX895163																		JX895264																											
Senecio kolenatianus		JX895088			JX894943	JX895015	JX895158																		JX895251																											
Senecio umbrosus		JX895058			JX894913	JX894985	JX895129																		JX895454																											
Senecio eubaeus		JX895077			JX894932	JX895004	JX895147																		JX895242																											
Senecio provincialis		JX895085			JX894940	JX895012	JX895155																		JX895406																											
Senecio teneriffae		JN790010				JN789684									JN789731										JN789910															JN789958												
Senecio doriiformis		JX895044			JX894899	JX894971	JX895116																		JX895507																											
Senecio macedonicus		JX895095			JX894950	JX895022	JX895165																		JX895510																											
Senecio franchetii		JX895078			JX894933	JX895005	JX895148																		EF538337																											
Senecio arnaldii		EF538120				EF042168																			EF538297								EF537990							EF538067												
Senecio transylvanicus		JX895057			JX894912	JX894984	JX895128																		JX895295																											
Senecio grossidens		HM050376				HM050316											HM050332								EF538342															HM050336												
Senecio angulatus		AF460161			AF460015	AF460076	AF460108																		AF459953																											
Curio articulatus		AF460159			AF460013	AF460074	AF460106																		AF459951																											
Curio repens		AF460145			AF460000	AF460059	AF460097																		AF459930																											
Farfugium hiberniflorum	AB369624																		AB369626	AB369625					AB369651															AB369623												
Gynura procumbens																GQ436466					GQ436023				FJ980339						HM989778									GQ435112			GQ434514									
Paracalia jungioides		GU818042			GU817498	GU817666									GU818221										GU818618															GU818419												
Culcitium pflanzii		EF538096			EF537916	EF042148																			EF538179								EF537960							EF538027												
Misbrookea strigosissima		EF538108				EF042157									GU818207										EF538254								EF537976							EF538036												
Ligularia fischeri	AB369637	AF468190																	AB369640	AB369638					AY176142															AB369636												
Sinosenecio septilobus		EU195517														JF944282						JF956314			AY176161															JN047187										EU195530		
Sinosenecio koreanus																JF944266						JF956298			JF978607															JN047169			AF345315		AF345307							
Sinosenecio subcoriaceus		AF468173														JF944289						JF956321			JF978629															JN047191										AY723246		
Sinosenecio globiger		AF468170														JF944247						JF956281			AY176159															JN047152										AY723247		
Scrobicaria ilicifolia		GU818090				GU817719									GU818307		GU817814								EF538399															GU818470												
Urostemon kirkii		GU818101			GU817563										GU818322										GU818725								GU817791							GU818482												
Dendrophorbium lucidum		FERN_UFPM4Q			EF537941	EF042177																			FERN_7L9IK5								EF538000							FERN_0ILAFC												
Jacobaea alpina		AF460163			AF460017	AF460078	AF460109																		AF459954															AY155645												
Jacobaea paludosa		AF460149			AF460003	AF460063	AF460100																		AF459935															AY155661												
Jacobaea othonnae		AY155623			AY156989	AF548778	AY155636																		AY155612															AY155660												
Jacobaea gnaphalioides		AY155618			AY156984	AF548773	AY155630																		AY155607															AY155654												
Jacobaea minuta		AF460125			AF459977	AF460035	AY155635																		AF459938															AY155659												
Jacobaea gallerandiana		AY327527			AY327529	AY327528	AY327526																		AY327531															AY327530												
Jacobaea maroccana		AY327533			AY327535	AY327534	AY327532																		AY327537															AY327536												
Jacobaea subalpina		AF460144			AF459999	AF460058	AF460096																		AF459929															AY155664												
Jacobaea arnautorum		AF460123			AF459975	AF460033	AY155637																		AF459934															AY155662												
Jacobaea gibbosa		AY426617														HE963658									AY436376						HE970734									HE966803									AY436370			
Jacobaea analoga		EU326097			AF459980	AF460038	AF460091																		AF459947															AY155651												
Jacobaea gigantea		AY155617			AY156983	AF548772	AY155629																		AY155606															AY155653												
Ischnea elachoglossa		GU818021			GU817479	GU817645																			GU818562								GU817877							GU818397												
Monticalia abietina		GU818035				GU817659									GU818208										EF538255								GU817885							GU818412												
Nelsonianthus tapianus		GU818037			GU817493	GU817661									GU818211										GU817580															GU818414												
Lasiocephalus ovatus		EF538105			EF537924	EF042155																			GU290007								EF537973							EF538035												
Packera paupercula																JN965703					HQ594074						L33234				JN966397									HQ596779				L33204								
Paragynoxys neodendroides		GU818043			GU817500	GU817668									GU818223		GU817813								EF538280																											
Iocenes acanthifolius		EF538104			EF537923	EF042154																			EF538238								EF537970							EF538034												
Eriothrix lycopodioides		GU818000				GU817622									GU818163										EF538200								GU817856							GU818372												
Mesogramma apiifolium		GU817957			GU817490	GU817656									GU818204																		GU817792							GU818410												
Erechtites hieraciifolius		AF460137			AF459990	AF460049										JQ590639									EF107652						JQ586861																					
Abrotanella emarginata		EF538089			EF537909	EF042141																			AY929883															EF538021										AJ012679		
Pericallis cruenta			EU810807													AB530975									AF155976															DQ131866			AF156009							AB530941		
Senecio candidans		HM050370			HM050308	HM050315									HM050322										HM050326								HM050333																			
Senecio adamantinus		EF538119			EF537934	EF042167																			EF538294								EF537989							EF538059												
Senecio incrassatus		JN789983				JN789658									JN789704										JN789807								JN790029							JN789931												
Senecio lividus		JN789990				JN789665									JN789711										JN789813								JN790035							JN789938												
Senecio saxatilis		EF538134				EF042183									GU818293										EF538376								EF538009							EF538086												
Senecio stigophlebius		EF538135			EF537946										GU818297										EF538384								EF538012							FERN_7AGJFQ												
Senecio ayopayensis		EF538121			EF537935	EF042169																			EF538303								EF537991							EF538083												
Senecio triqueter		EF538138				EF042186									GU818304										EF538392								EF538015							EF538074												
Senecio subnemoralis		EF538136			EF537947	EF042184																			EF538386								EF538013							EF538066												
Senecio latifolius		EF538126				EF042176									GU818273										EF538354								EF537998							EF538084												
Senecio trifurcatus		HM050373			HM050309	HM050318																			HM050327								HM050334							HM050339												
Senecio carroensis		JN789968				JN789644									JN789690										JN789741								JN790016							JN789917												
Senecio retrorsus		EF538133				EF042182									GU818291										EF538372								EF538007							EF538077												
Senecio kerdousianus		JN789984			JN789617	JN789659									JN789705										JN789808															JN789932												
Senecio hollandii		GU818072				GU817699									GU818267										GU818661								GU817821							GU818451												
Senecio involucratus		EF538090			EF537910	EF042142																			EF538150								EF537952							EF538022												
Syneilesis palmata		GU818096			GU817558	GU817726									GU818314										EF538401															GU818477										L39432		
Yermo xanthocephalus		GU818106			GU817568	GU817735									GU818327										GU818727								GU817939							GU818487												
Solanecio biafrae		GU818093			GU817555	GU817723									GU818311										GU818711								GU817931							GU818474												
Roldana suffulta		GU818056			GU817517	GU817683									GU818246										GU818631								GU817800							GU818436												
Dorobaea pimpinellifolia		GU817996			GU817453	GU817617									GU818155										GU818548								GU817854							GU818368												
Petasites fragrans			EF128564			AY554080			EF128515					EF128663		HM850247									AY554108									EF128642																		
Nesampelos lucens		EF538110			EF537927	EF042159									GU818213										EF538266								EF537978							EF538054												
Arbelaezaster ellsworthii		GU817969			GU817421	GU817587									GU818114										GU818491								GU817830							GU818334												
Nemosenecio nikoensis		GU818038			GU817494	GU817662									GU818212										EF538265								GU817887							GU818415												
Oldfeltia polyphlebia		EF538112			EF537929	EF042161									GU818216										EF538271								EF537980							EF538058												
Cacaliopsis nardosmia		GU817979			GU817433	GU817598									GU818127										GU818497								GU817837							DQ131859												
Robinsonecio gerberifolius		GU818054			GU817512	GU817679									GU818239										GU818630								GU817901							GU818431												
Psacaliopsis purpusii		GU818052			GU817509	GU817676									GU818235										GU818629								GU817898							GU818428												
Ligularia pleurocaulis		AY723192														JF942266						JF954355			AB212735															JN045201		AY494074								AY723230		
Lundinia plumbea		GU818031			GU817488	GU817654									GU818202										EF538252								GU817806							GU818407												
Lachanodes arborea		GU818024			GU817482	GU817648									GU818193										GU818574								GU817879							GU818400												
Stilpnogyne bellidioides		GU818095			GU817557	GU817725									GU818313										GU818721								GU817933							GU818476												
Acrisione cymosa		GU817965			GU817416	GU817582									GU818109		GU817808								EF538144															GU818329												
Parasenecio adenostyloides		AF460139			AF459992	AF460051									GU818224			EF537984							AF459970															EF538055												
Telanthophora grandifolia		EF538140			EF537949	EF042187									GU818318										EF538405								EF538019							EF538050												
Bolandia pedunculosa		AY952915			GU817430	GU817596									GU818124										AY953925								GU817836							GU818343												
Rugelia nudicaulis		GU818057			GU817518	GU817684									GU818247										GU818632								GU817904							GU818437												
Oresbia heterocarpa		GU818041			GU817497	GU817665									GU818217										GU818598								GU817889							GU818418												
Monticalia arbutifolia		EF538109			EF537926	EF042158									GU818210										EF538257								EF537977							EF538037												
Monticalia apiculata		GU818036			GU817492	GU817660									GU818209										EF538256								GU817886							GU818413												
Tetradymia filifolia		EF538141			EF537950	EF042188									GU818320										EF538411								EF538020							EF538057												
Lasiocephalus campanulatus		HM050374			HM050305	HM050312									HM050324									HM050341	EF538149								HM050328																			
Lomanthus fosbergii		GU818099			GU817561	GU817729									GU818317										GU818723								GU817935							GU818480												
Hoehnephytum trixoides		GU818012			GU817472	GU817638									GU818182										GU818555								GU817871							GU818390												
Sinacalia tangutica		AY723199			GU817553	GU817721									GU818309										AY176157															GU818472										AY723243		
Lepidospartum burgessii		EF538106			EF537925	EF042156									GU818197										EF538250								EF537974							EF538053												
Elekmania picardae		EF538099			EF537919	EF042150									GU818158										EF538193								EF537963							EF538070												
Packera cana		AF460165			AF460020	AF460081	AF460112																				L33216													DQ131867				L33458								
Papuacalia dindondl		EF538114			EF537931	EF042163									GU818220										EF538279								EF537983							EF538041												
Gynoxys soukupii		EF538101			AF459989	AF460048									GU818174										AF459963								EF537967							EF538051												
Talamancalia boquetensis		GU818098			GU817560	GU817728									GU818316		GU817816								EF538403															GU818479												
Bethencourtia palmensis		GU817975			GU817428	GU817594									GU818122										EF538160								GU817835							GU818341												
Parafaujasia fontinalis		GU817958			GU817499	GU817667									GU818222										GU818619								GU817890							GU818420												
Rainiera stricta		GU817952			GU817511	GU817678									GU818238										EF538289								GU817900							GU818430												
Herodotia haitiensis		EF538103			EF537922	EF042153									GU818179										EF538224								EF537969							EF538033												
Austrosynotis rectirama		GU817971			GU817423	GU817589									GU818118										EF538157								GU817831							GU818336												
Barkleyanthus salicifolius		GU817972			GU817425	GU817591									GU818120										GU817578								GU817833							GU818338												
Lordhowea insularis		AF460135			AF459987	AF460046									GU818200										GU818584								GU817799							GU818405												
Xenophyllum poposum		GU818105			GU817567	GU817734									GU818326										EF538415								GU817938							GU818486												
Dolichorrhiza caucasica		GU817995			GU817452	GU817616									GU818154										GU818547								GU817853							GU818367												
Centropappus brunonis		GU817984			GU817438										GU818133	GU817746									GU818510								GU817841							GU818351												
Herreranthus rivalis		GU818010			GU817470	GU817636									GU818180										GU818554								GU817869							GU818388												
Jessea multivenia		GU818023			GU817481	GU817647									GU818191										EF538246								GU817878							GU818399												
Pseudogynoxys haenkei		GU818053			GU817510	GU817677									GU818237										EF538288								GU817899							GU818429												
Dolichoglottis lyallii		GU817994			GU817451	GU817615									GU818153										GU818546								GU817793							GU818366												
Pittocaulon praecox		EF538117			EF537932	EF042165									GU818231										AF161603								EF537986							EF538042												
Zemisia discolor		GU818107			GU817569	GU817736									GU818328										EF538416								GU817803							GU818488												
Digitacalia jatrophoides		GU817993			GU817450	GU817614									GU818152										GU818545								GU817852							GU818365												
Cabreriella oppositicordia		GU817978			GU817432	GU817597									GU818126		GU817810								GU818496															GU818345												
Pippenalia delphiniifolia		GU818048			GU817505	GU817672									GU818230										GU818627								GU817894							GU818424												
Graphistylis dichroa		GU818004			GU817464	GU817630									FERN_8LTFPV										FERN_9IKJ80								GU817863							GU818380												
Synotis nagensium		EF028735			AF459973	AF460031									GU818315										AF459922								EF538018							EF538052												
Iranecio cariensis		GU818020			GU817478	GU817644									GU818189										GU818561								GU817876							GU818396												
Cineraria abyssinica		AF460173			AF460028	AF460088									GU818138										GU818514								EF537957							EF538026												
Villasenoria orcuttii		GU818103			GU817565	GU817732									GU818324		GU817815								GU818726															GU818484												
Crocidium multicaule		GU817990			GU817447	AY929879									GU818146										GU818541								GU817805							GU818360												
Io ambondrombeensis		GU818019			GU817477	GU817643									GU818188										GU818560								GU817875							GU818395												
Endocellion sibiricum		GQ244909			GU817455	GU817620									GU818160										EF538197								GU817855							GU818370												
Pentacalia arborea		GU818044			GU817501	GU817669									GU818225										EF538283								GU817891							GU818421												
Shafera platyphylla		GU818091			GU817552	GU817720									GU818308										GU818709								GU817921							GU818471												
Nordenstamia kingii		GU818040			GU817496	GU817664									GU818215										EF538267								GU817888							GU818417												
Aequatorium asterotrichum		GU817967			GU817418	GU817584									GU818111										GU818489								GU817827							GU818331												
Hertia pallens		GU818011			GU817471	GU817637									GU818181										EF538229								GU817870							GU818389												
Antillanthus almironcillo		GU817968			GU817420	GU817586									GU818113										EF538153								GU817829							GU818333												
Psacalium cirsiifolium		EF538111			EF537928	EF042160									GU818236										EF538270								EF537979							EF538038												
Adenostyles alpina		GU817966			GU817417	GU817583									GU818110										EF538146								GU817826							GU818330												
Pladaroxylon leucadendron		GU818049			GU817506	GU817673									GU818232										GU818628								GU817895							GU818425												
Charadranaetes durandii		GU817986			GU817440	GU817604									GU818135										EF538164								GU817843							GU818353												
Leonis trineura		GU818027			GU817485	GU817651									GU818196										GU818583								GU817882							GU818403												
Ekmaniopappus mikanioides		GU817997			GU817454	GU817619									GU818157										EF538189								GU817817							GU818369												
Garcibarrigoa telembina		GU817940			GU817462	GU817628									GU818170										EF538211								GU817861							GU818378												
Werneria caespitosa		GU818104			GU817566	GU817733									GU818325										EF538412								GU817825							GU818485												
Hubertia riparia		GU818014			GU817474	GU817640									GU818184										GU818556								GU817872							GU818392												
Senecio aegyptius		JN789960			JN789601	JN789640									JN789686										JN789734								JN790012							JN789913												
Senecio angustifolius		JN789961			JN789602	JN789641									JN789687										JN789735								JN790013							JN789914												
Senecio madagascariensis		JN790002			JN789623	JN789666									JN789712										JN789905								JN790046							JN789949												
Senecio patens		GU818080			GU817541	GU817708									GU818284										EF538151								GU817795							GU818459												
Senecio pinnulatus		JN790004			JN789635	JN789679									JN789724										JN789907								JN790048							JN789951												
Senecio bollei		JN789962			JN789603	JN789642									JN789688										JN789736								JN790014							JN789915												
Senecio niveus		JN790000			JN789631	JN789675									JN789721										JN789903								JN790044							JN789947												
Senecio culcitioides		GU818062			GU817523	GU817689									GU818253										EF538312								GU817907							GU818442												
Senecio abruptus		JN789959			JN789600	JN789639									JN789685										JN789733								JN790011							JN789912												
Senecio littoreus		JN789989			JN789622	JN789664									JN789710										JN789812								JN790034							JN789937												
Senecio prenanthoides		GU818083			GU817544	GU817711									GU818289										GU818681								GU817924							GU818462												
Senecio hispidissimus		GU818071			GU817532	GU817698									GU818266										GU818654								GU817914							GU818450												
Senecio parvifolius		JN790001			JN789632	JN789676									JN789722										JN789904								JN790045							JN789948												
Senecio erysimoides		JN789970			JN789606	JN789646									JN789692										JN789743								JN790018							JN789919												
Senecio thapsoides		EF538137			EF537948	EF042185									GU818302										EF538388								EF538014							EF538085												
Senecio petraeus		JN790003			JN789634	JN789678									JN789723										JN789906								JN790047							JN789950												
Senecio squarrosus		GU817964			GU817547	GU817714									GU818296										GU818702								GU817927							GU818465												
Senecio jarae		EF538125			EF537939	EF042175									GU818271										EF538350								EF537997							EF538044												
Senecio cryphiactis		JN789969			JN789605	JN789645									JN789691										JN789742								JN790017							JN789918												
Senecio maulinus		JN789997			JN789629	JN789672									JN789718										JN789901								JN790042							JN789944												
Senecio suaveolens		EF538102			EF537921	EF042152									GU818298										EF538222								EF537968							EF538032												
Senecio fruticulosus		JN789971			JN789607	JN789647									JN789693										JN789744								JN790019							JN789920												
Senecio elegans		GU818064			GU817525	GU817691									GU818257										EU812812								GU817908							GU818444												
Senecio leptophyllus		JN789986			JN789619	JN789661									JN789707										JN789810								JN790031							JN789934												
Senecio laxus		JN789985			JN789618	JN789660									JN789706										JN789809								JN790030							JN789933												
Senecio piptocoma		JN790005			JN789636	JN789680									JN789725										JN789908								JN790049							JN789952												
Senecio nebrodensis		JN789999			JN789630	JN789674									JN789720										JN789902								JN790043							JN789946												
Senecio hoggariensis		DQ208175			DQ208167	JN789654	DQ208183								JN789700										DQ208189															JN789927												
Senecio ctenophyllus		GU818063			GU817524	GU817690									GU818255										EF538322								GU817804							GU818443												
Senecio brasiliensis		GU818061			GU817522	GU817688									GU818252										GU818641								GU817820							GU818441												
Senecio massaicus		JN789996			JN789628	JN789670									JN789717										JN789863								JN790040							JN789941												
Senecio leucanthemifolius		JN789988			JN789621	JN789663									JN789709										JN789811								JN790033							JN789936												
Senecio telekii		JN790009			JN789638	JN789683									JN789730										EF538387								JN790052							JN789957												
Senecio niveoaureus		GU818078			GU817538	GU817705									GU818280										EF538178								GU817918							GU818456												
Senecio lineatus		AF098852			EF537940	AF460066									GU818274										AF459939								EF537999							EF538075												
Senecio calocephalus					HM050307	HM050314									HM050321									HM050347	HM050325								HM050331							HM050340												
Senecio nevadensis		GU818077			GU817537	GU817704									GU818279										GU818664								GU817917							GU818455												
Senecio glastifolius		JN789972			JN789608	JN789648									JN789694										EF538339								JN790020							JN789921												
Senecio otites		EF538131			EF537944	EF042180									GU818283										GU818670								EF538005							EF538065												
Senecio scaposus		AF460146			AF460001	AF460060									GU818295										GU818695								EF538011							EF538049												
Senecio boyacensis		GU818060			GU817521	GU817687									GU818251									HM050342									GU817906							GU818440												
Senecio pinifolius		EF538132			EF537945	EF042181									GU818286										EF538366								EF538006							EF538079												
Senecio hemmendorffii		FERN_8QGAU9			EF537938	EF042174									FERN_7X1MJI										EF538346								EF537996							FERN_EE0EFL												
Senecio vestitus		GU818089			GU817551	GU817718									GU818305										GU818708								GU817824							GU818469												
Senecio ilicifolius		GU818074			GU817534	GU817701									GU818269										GU818662								GU817915							GU818453												
Senecio meuselii		EF538130			EF537943	EF042179									GU818277										DQ915899								EF538003							EF538073												
Senecio mairetianus		EF538128			EF537942	EF042178									GU818275										EF538359								EF538001							EF538045												
Senecio gramineus		GU818068			GU817529	GU817695									GU818262										GU818650								GU817802							GU818447												
Senecio szyszylowiczii		GU818086			GU817548	GU817715									GU818300										GU818705								GU817928							GU818466												
Senecio psilocarpus		GU818084			GU817545	GU817712									GU818290										GU818684								GU817925							GU818463												
Faujasia squamosa		GU818002			GU817459	GU817625									GU818167	GU817761									EF538210								GU817858							GU818375												
Petasites japonicus		AF468187											GQ435618			GQ436454						HM989759			AY176152															GQ435095			GQ434501							AY723240		
Petasites albus		GU818046			GU817504	GU817671									GU818228			GU817819							GU818621								GU817893							GU818423												
Steirodiscus capillaceus		GU818094			GU817556	GU817724									GU818312	GU817784									GU818713								GU817932							GU818475												
Ligularia dentata	AB369644	AY723181																	AB369642	AB369643					AY723256															AB369645		AY494075								AY723219		
Sinosenecio homogyniphyllus		EU195509														JF944261						JF956292			JF978600															JN047161			EU195484		EU195466					EU195528		
Sinosenecio oldhamianus		EU195512														JF944276						JF956307			JF978618															JN047179			EU195493		EU195473					EU195529		
Sinosenecio guangxiensis		EU195507														JF944255						JF956286			JF978599															JN047158			EU195495		EU195477					EU195526		
Homogyne alpina		GU818013			GU817473	GU817639									GU818183	GU817767	GU817811								GU817576															GU818391												
Bedfordia arborescens		AF452498			GU817427	GU817593									GU818121							AF456778			GU818494								GU817834							GU818340												
Dendrophorbium bomanii		EF538097			EF537917	EF042149									GU818150	GU817755									EF538181								EF537961							EF538028												
Luina hypoleuca		GU818030			GU817487	GU817653									GU818201	GU817774									GU818593								GU817883							GU818406												
Jacobaea carniolica		AF460126			AF459978	AF460036																			FR796829	FR797364		FR797137	FR797791	FR797191																						
Jacobaea aquatica		JX895041			JX894896	JX894969	FJ556956									HM850080						JN894726			JX895224						JN894078																					
Emilia sonchifolia			EF128565						EF128454							GU724240					GQ436038		EF128708		JF733772						HM989795									GU724264												
Emilia coccinea		EF028723			AF460026	AF460086									GU818159	GU817758									EF538194								EF537964							EF538029												
Capelio caledonica		GU817982			GU817436	GU817601									GU818130	GU817743									GU818508								GU817839							GU818349												
Packera aurea		AF460166			AF460021	AF460082	AF460113																		AF459959		AF161659													AY155641				AF161609								
Cremanthodium humile		AF468184			EF537915	EF042147									GU818145										AY723270								EF537959							EF538061										AY723234		
Caucasalia parviflora		EF538093			EF537913	EF042145									GU818131	GU817744									EF538162								EF537955							EF538024												
Brachyglottis repanda		GU817977			GU817431	AY554067									GU818125	JQ933243									EF635458								GU817796							GU818344												
Caxamarca sanchezii		GU817983			GU817437	GU817602									GU818132	GU817745									GU818509								GU817840							GU818350												
Mikaniopsis clematoides		GU818033			GU817491	GU817657									GU818205	GU817776									GU818595								GU817884							GU818411												
Arnoglossum atriplicifolium		EF538091			EF537911	EF042143									GU818115	GU817738									EF538154								EF537953							EF538056												
Blennosperma nanum		AF460174			AF460029	AF460089	AF460119									L13645									AF459971															EF538023										L39433		
Arrhenechthites mixta		EF538092			EF537912	EF042144									GU818116	GU817739									EF538156								EF537954							EF538062												
Chersodoma jodopappa		EF538094			EF537914	EF042146									GU818136	GU817748									EF538167								EF537956							EF538025												
Erechtites valerianifolius		EF538100			EF537920	EF042151									GU818162	JQ933328									EF108401								EF537965							EF538030												
Dauresia alliariifolia		GU817991			GU817448	GU817612									GU818148	GU817754									AF457413								GU817850							GU818361												
Lopholaena coriifolia		GU818028			GU817486	GU817652									GU818199	GU817773									EF538251															GU818404										L39434		
Robinsonia masafuerae		GU817961			GU817516	GU817682									GU818245			GU817818							EF028710															GU818435			EF028717									
Lamprocephalus montanus		GU818026			GU817484	GU817650									GU818195	GU817772									GU818576								GU817881							GU818402												
Senecio algens		GU818058			GU817519	GU817685									GU818249									HM050351	EF538296								GU817905							GU818438												
Senecio roseus		GU818085			GU817546	GU817713									GU818292									HM050361	EF538373								GU817926							GU818464												
Senecio oreophyton		GU818079			GU817540	GU817707									GU818282									HM050355	EF538393								GU817920							GU818458												
Senecio arnicoides		GU818059			GU817520	GU817686									GU818250									HM050359	EF538298								GU817801							GU818439												
Senecio tauricola		JX895056			JX894911	JX894983	JX895127								GU818301										GU817570								GU817929							GU818467												
Senecio hieracium		GU818070			GU817531	GU817697									GU818265									HM050350	GU818652								GU817913							GU818449												
Senecio oerstedianus		GU817950			GU817539	GU817706									GU818281									HM050356	EF538362								GU817919							GU818457												
Senecio gayanus		GU818067			GU817528	GU817694									GU818261									HM050349	GU818649								GU817911							GU818446												
Senecio flavus		DQ208176			DQ208168	EF042172	DQ208184								GU818260										GU818644								EF537994							EF538087												
Senecio hypsobates		GU818073			GU817533	GU817700									GU818268									HM050352	EF538348								GU817822							GU818452												
Senecio gregorii		GU818069			GU817530	GU817696									GU818263									HM050364	GU818651								GU817912							GU818448												
Senecio burchellii		JN789967			JN789604	JN789643									FM173146	AM234911									JN789739								JN790015							FM173176												
Senecio polygaloides		GU818082			GU817543	GU817710									GU818288									HM050357	EF538367								GU817923							GU818461												
Senecio fistulosus		GU818065			GU817526	GU817692									GU818258									HM050363	EF538335								GU817909							GU818445												
Senecio chilensis		EF538122			EF537936	EF042170									GU818254									HM050367	EF538313								EF537992							EF538043												
Senecio cadiscus		GU817980			GU817434	GU817599	JX895113								GU818128										GU818503								GU817794							GU818347												
Senecio lastarrianus		GU818076			GU817536	GU817703									GU818272									HM050348	GU818663								GU817823							GU818454												
Senecio deltoideus		AY952917			EF537937	EF042171									GU818256	GU817782									EF538326								EF537993							EF538076												
Curio rowleyanus		AF460148			AF460002	AF460062	AF460099								GU818147										AF459933								EF538008							EF538047												
Gynura formosana		GU818006			AF459988	AF460047	AF460093								GU818175										AF155966								GU817865							GU818384			AF155999									
Kleinia neriifolia		AF460169			AF460024	AF460085	AF460116								GU818192	GU817770									GU818568								EF537972							AY155642												
Ligularia vellerea		AY723186														JF942279						JF954367			JF767245				JF767225	JQ281494		JF767270								JN045215										AY723224		
Ligularia subspicata		JF767258														JF942267						JF954356			AY458839				JF767229	JF767237		JF767273								JN045203		AY494067										
Ligularia cymbulifera		AY723184														JF942252						JF954340			DQ272330				JF767223	JF767233		JF767268								JN045188										AY723222		
Ligularia nelumbifolia		JF767259														JF942263						JF954353			DQ272344				JF767228	JF767242		JF767276								JN045200		AY494073										
Crassocephalum crepidioides		FJ793124			AF459991	AF460050	AF460090								GU818144	JQ933283									AF459968								EF537958							AY155640												
Euryops pectinatus		AF460170			AF460025	AF460030	AF460117								GU818165										AF459964								EF537966							EF538031						AF155965						
Delairea odorata		GU817992			GU817449	GU817613									GU818149	HM849949									GU818542						HM850629									GU818362										L39435		
Robinsonia evenia		GU818055			GU817513	GU817680									GU818241									HM050345	EF028706								GU817902							GU818432			EF028714									
Robinsonia thurifera		HM050372			HM050310	HM050313									HM050320									HM050346	EF028711								HM050330							HM050338			EF028718									
Robinsonia gayana		HM050371			HM050311	HM050317									HM050319									HM050344	EF028708								HM050329							HM050337			EF028715									
Pericallis appendiculata		AF460134	EF128554		AF459986	AF460045			EF128527					EF128713									EF128710		AF155971																		AF156006									
Pericallis murrayi		AY952922			GU817502	EF042164									GU818226										AY953932								EF537985							EF538060			AF156016				AF155983					
Senecio vernalis		DQ208173			DQ208165	JN789662	DQ208181								JN789708										JN789911								JN790032	AJ238622						JN789935												
Senecio sylvaticus		AF460143			AF459998	AF460057	AF460095								JN789729	HM850346									EU812815						JN895353									JN789956												
Senecio viscosus		EF028734			AF459996	AF460055	AF460094								GU818306									HM050366	AF459925								EF538016							AY155666												
Ligularia hodgsonii	AB369629	AF468193											GQ435621			GQ436458			AB369631	AB369630		HM989765			DQ272326															GQ435102			GQ434507									
Ligularia tongolensis		JF767261														JF942276						JF954365			AY458829				JF767224	HM024722		JF767269								JN045212		AY494076									AB126944	
Jacobaea abrotanifolia		AF460164			AF460019	AF460080	AF460111																		AF459956	HE614512		HE614440	HE614296	HE614368										AY155643												
Jacobaea leucophylla		AY155622			AY156988	AF548777	AY155634																		AY155611	HE614581		HE614511	HE614367	HE614439										AY155658												
Jacobaea incana		AY155619			AY156985	AF548774	AY155631																		AY155609	HE614561		HE614508	HE614332	HE614432										AY155655												
Jacobaea adonidifolia		AF460157			AF460018	AF460079	AF460110																		HE585517	HE614515		HE614443	HE614299	HE614370										AY155644												
Jacobaea erucifolia		AF460155			AF460009	AF460070	AF460104									JN892024					FJ395750	FJ395371			AF459944						JN895354									AY155652												
Jacobaea uniflora		AY155625			AY156991	AF548780	AY155639																		AY155608	HE614532		HE614457	HE614316	HE614388										AY155665												
Jacobaea boissieri		AY155614			AY156980	AF548769	AY155626																		AY155603	HE614517		HE614445	HE614301	HE614373										AY155648												
Jacobaea persoonii		AY155624			AY156990	AF548779	AY155638																		AY155613	HE614570		HE614498	HE614353	HE614425										AY155663												
Packera eurycephala		EF538113			EF537930	EF042162									GU818219	GU817778									GU818614		AF161666						EF537982							EF538040				AF161616								
Gymnodiscus capillaris		EU670135		EU667544	GU817466	GU817632	EU670164								GU818173	AM234876									EF538217								GU817864							GU818382												
Phaneroglossa bolusii		AY216096			AF459984	AF460042	AF460092								GU818229	AY215161									GU818623						AY215843									EF538069										AF384765		
Tussilago farfara		AF468166			EF537951	EF042189					HQ594908				GU818321	JQ933515						JN895892			EU785941															HQ596875										AY723239		
Robinsonia gracilis		GU817962			EF537933	EF042166									GU818244									HM050369	EF538290								EF537988							EF538068			EF028716			EF028709						
Robinsonia berteroi		AF460129			AF459982	AF460040									GU818240									HM050343	AF459957								EF537987							EF538082			EF028719			EF028712						
Senecio inaequidens		AF460154			AF460008	AF460069	AF460103								JN789703	HE963659									JN789791						HE970737		JN790027							JN789930												
Senecio squalidus		AF460120			AF459997	JN789682		FJ356700		FJ356704					JN789727										JN789909								JN790051							JN789954								AJ810536				
Senecio nemorensis		JX895097			JX894952	JX895024	JX895167								GU818278									HM050360	AF459937								EF538004							EF538046										AY723209		
Othonna capensis	EF028727	AF460167			AF460022	AF460083	AF460114								GU818218	GU817777									AF459960								EF537981							EF538039												
Ligularia stenocephala	AB369633	EF538107			AF460023	AF460084	AF460115								GU818198				AB369635	AB369634					DQ272329								EF537975							EF538078												
Sinosenecio euosmus		EU195503			GU817554	GU817722									GU818310	JF944242						JF956275			GU818710															GU818473			EU195487		EU195469					EU195525		
Euryops virgineus	AF100517	EU670132	EF128589	EU667583			EU670195		EF128449					EF128652	AF319700										EU667521						AF318910			EF128637																		
Farfugium japonicum	AB369609	AF468177			GU817458	GU817624									GU818166				AB369617	AB369612		HM989745			AY176139															GU818374										AY723242		
Senecio scandens		EF028732				AF460061	AF460098						GQ435627		GU818294	JF949989					GQ436027				FJ980344						HM989781		EF538010							GQ435117										AY723214		
Jacobaea vulgaris		AF460153			AY156987	AF548776	AF460102				FJ395250				GU818190	HE963662					FJ395735	JN894247			GU818565						JN895164		EF537971	AJ704850						AY155657			AF161692						AF161642			
Senecio chrysanthemifolius								JQ351856		JQ351921		GU065712													AJ400780										JQ350972	JQ351031	JQ351096	JQ351140	JQ351217									JQ351667				
Jacobaea maritima		AY426616	EF128575		AF460012	JN789667	AF460105		EF128465					EF128679	JN789713	AB530974							EF128676		JN789816								JN790037	EF128618						AY155647			AY436375						AY436369	AB530940		
Senecio aethnensis		DQ208180			DQ208172	JN789681	DQ208188	JQ351840		JQ351888		GU065713			JN789726										AJ400779								JN790050		JQ350956	JQ351025	JQ351082	JQ351127	JQ351192	JN789953								JQ351635				
Senecio vulgaris		FJ490770	EF128598	JF792587	DQ208169	AF460054	DQ208185	JQ351884	EF128482	JQ351949	FJ395290	GU065708		EF128688	AF319755	HQ619732					FJ395780		EF128692		EF538396						HQ619796		EF538017	AJ010120	JQ350995	JQ351068	JQ351105	JQ351178	JQ351245	FJ493263	AF097538											
